{"beta": 32.55102934675103, "beta_raw": {"range_coef": -8.059383433234301e-06, "list_coef": 0.000525077126575367, "intercept": -61.74226770169571, "R^2": 0.9955303515264581}}
