{"beta": 12.57280165025595, "beta_raw": {"range_coef": 1.3242448397279606e-05, "list_coef": 0.0001664946770627463, "intercept": -68.34930398891584, "R^2": 0.9713868629189468}}
