{"beta": 19.314037728174124, "beta_raw": {"range_coef": 9.283557382535091e-06, "list_coef": 0.00017930297753795217, "intercept": 164.91619248362576, "R^2": 0.9945154473317402}}