{"beta": -12.290444767513764, "beta_raw": {"range_coef": -1.924297484698232e-05, "list_coef": 0.00023650471951949283, "intercept": 362.9191076023876, "R^2": 0.9562768704846081}}